Learning Rate,Batch Size,# Hidden Neurons,RMSE,R2
0.002,8,8,63502.75991676857,0.6884869391421717
0.002,8,16,62256.048509317356,0.700598368647065
0.002,8,24,61720.79920144801,0.705724476773254
0.002,8,32,61433.95066188701,0.7084534223096026
0.002,8,40,61682.43276243145,0.7060902139303629
0.002,8,48,61862.354153589855,0.7043731032728706
0.002,8,56,61919.81469510117,0.7038236650597856
0.002,8,64,61411.80552909887,0.7086635723633559
0.002,8,72,61703.64022837315,0.7058880768544274
0.002,8,80,61630.76961014657,0.7065823458525768
0.002,16,8,64864.45993936082,0.6749840519701018
0.002,16,16,64242.69740422096,0.681185111882342
0.002,16,24,64773.724392694174,0.6758927120708131
0.002,16,32,63705.191174350395,0.6864977188110166
0.002,16,40,64320.371249398304,0.680413707514319
0.002,16,48,62936.67304746172,0.6940160675933293
0.002,16,56,64183.4480165739,0.6817729102459393
0.002,16,64,63698.2090067942,0.6865664355187666
0.002,16,72,63635.99457191291,0.6871784015209708
0.002,16,80,62717.46067496208,0.6961438778669767
0.002,32,8,67417.09722923445,0.6488997351476171
0.002,32,16,66195.22226872528,0.6615111649555496
0.002,32,24,66434.4893189409,0.6590597615825635
0.002,32,32,66380.59596360686,0.6596126960811397
0.002,32,40,67457.45263389773,0.6484792769992109
0.002,32,48,67280.09158381159,0.6503253035264318
0.002,32,56,66738.91029751365,0.6559280401624721
0.002,32,64,66505.23703339564,0.6583332237174929
0.002,32,72,65674.08016871156,0.6668198984802006
0.002,32,80,66003.32752743781,0.6634708253844792
0.002,64,8,68813.64916599836,0.634202918159475
0.002,64,16,69082.07204799353,0.6313436072307218
0.002,64,24,68130.65674179466,0.6414281356452594
0.002,64,32,68159.94628795708,0.6411197674250786
0.002,64,40,69118.65172503894,0.6309530890629773
0.002,64,48,68245.47046786173,0.6402185873233033
0.002,64,56,67957.17915290201,0.6432518370973792
0.002,64,64,67686.17762390335,0.6460914643044204
0.002,64,72,67894.05133112331,0.6439143211667806
0.002,64,80,68471.03847261865,0.6378363253586483
0.002,128,8,76161.02690156894,0.5519188844222502
0.002,128,16,72197.37055560431,0.5973443289246577
0.002,128,24,74615.37272798165,0.5699215476869642
0.002,128,32,72426.15422061791,0.5947883632712951
0.002,128,40,71406.35519937273,0.6061192189257253
0.002,128,48,69342.55573549647,0.6285582240147276
0.002,128,56,69801.66641638776,0.6236233776957603
0.002,128,64,70352.40195041303,0.617660720165136
0.002,128,72,70067.20748651851,0.6207542898999385
0.002,128,80,69189.31358100705,0.630198130194426
0.004,8,8,61826.65604706992,0.7047141919902331
0.004,8,16,60675.477651084795,0.7156079404349752
0.004,8,24,60050.51036583235,0.7214363372365326
0.004,8,32,61222.42472024292,0.7104576396827921
0.004,8,40,59926.500259869434,0.7225856710238807
0.004,8,48,58383.83447199122,0.7366845827011033
0.004,8,56,59533.67655335743,0.7262107034940581
0.004,8,64,59786.67933719916,0.7238786908623553
0.004,8,72,58507.629004013135,0.7355667538434906
0.004,8,80,58478.88010016687,0.7358265592178694
0.004,16,8,62890.81745959819,0.6944617842448859
0.004,16,16,61512.20044193202,0.7077102506811346
0.004,16,24,62225.080564261225,0.7008961564909281
0.004,16,32,62567.454283239254,0.6975956538441362
0.004,16,40,62816.60218413394,0.6951824688985686
0.004,16,48,60638.80807870188,0.7159515845015554
0.004,16,56,61765.35866836777,0.7052994176682076
0.004,16,64,61521.13027119304,0.7076253801353394
0.004,16,72,61613.292705319756,0.7067487336929128
0.004,16,80,61209.55972654028,0.7105793130495772
0.004,32,8,65043.28473138022,0.6731895091306349
0.004,32,16,64394.86054423572,0.679673054380493
0.004,32,24,64082.33200899344,0.6827748042534123
0.004,32,32,64033.24733572096,0.6832605834451793
0.004,32,40,63697.126772679745,0.6865770859160009
0.004,32,48,63740.25250844229,0.6861525402536818
0.004,32,56,62788.97413678683,0.6954505401061944
0.004,32,64,64230.34672696165,0.6813076846088078
0.004,32,72,63504.41251870577,0.688470725239431
0.004,32,80,64435.30314391765,0.6792705712503777
0.004,64,8,67411.03768718288,0.6489628470671448
0.004,64,16,65652.99624033683,0.6670337916255737
0.004,64,24,66522.96109730926,0.6581510867612352
0.004,64,32,67333.43564755084,0.649770593699349
0.004,64,40,66089.9934879553,0.6625864829345066
0.004,64,48,67156.04024216949,0.6516135783873194
0.004,64,56,67228.54262534619,0.6508609288682894
0.004,64,64,66360.31343930835,0.6598206742988848
0.004,64,72,66204.39148728452,0.6614173849829359
0.004,64,80,66462.37808207088,0.65877345254548
0.004,128,8,71621.86967663259,0.6037380552071918
0.004,128,16,67846.55326543088,0.6444123755444326
0.004,128,24,68075.02868473378,0.6420134378851987
0.004,128,32,69647.94647352763,0.6252792947769066
0.004,128,40,68095.21192896931,0.641801130921607
0.004,128,48,67781.70656989711,0.6450917811071852
0.004,128,56,67918.75562300427,0.6436551395505585
0.004,128,64,69508.49598147155,0.626778338937937
0.004,128,72,68006.85932309226,0.6427300441686129
0.004,128,80,68289.10014743374,0.6397584200689208
0.006,8,8,62728.20388782477,0.6960397706358432
0.006,8,16,60644.518760712075,0.7158980812547331
0.006,8,24,58816.9372420767,0.7327634414115398
0.006,8,32,59941.114933176104,0.7224503447776316
0.006,8,40,60029.180583533176,0.7216341922425451
0.006,8,48,58962.70856457995,0.7314371669821049
0.006,8,56,57243.531701188906,0.7468698368766274
0.006,8,64,56985.43929475138,0.749147253834848
0.006,8,72,58668.91633940646,0.7341068239022452
0.006,8,80,57825.37144231961,0.7416979095551581
0.006,16,8,62794.904946169285,0.6953930042052316
0.006,16,16,60943.977639063625,0.7130853985669503
0.006,16,24,61391.83062175951,0.7088530626960245
0.006,16,32,60896.06062888779,0.7135363926015603
0.006,16,40,61336.05217362213,0.7093818739974145
0.006,16,48,60093.36674711356,0.7210385890588236
0.006,16,56,59722.14766512494,0.7244744407383381
0.006,16,64,60052.52190780462,0.7214176745513623
0.006,16,72,59938.15715214373,0.7224777353542781
0.006,16,80,59840.444434162004,0.7233818455999687
0.006,32,8,64471.85996288949,0.6789065418103162
0.006,32,16,63412.84791996371,0.6893684420220738
0.006,32,24,63346.29764779856,0.6900201007220403
0.006,32,32,63385.2637461517,0.689638628633898
0.006,32,40,62823.12080506637,0.6951192024063695
0.006,32,48,61458.18275373716,0.708223380884804
0.006,32,56,62632.661987798165,0.6969649946910094
0.006,32,64,67694.11994217703,0.6460084039443226
0.006,32,72,62590.4793381898,0.6973730410512871
0.006,32,80,62429.38807995448,0.6989287991352235
0.006,64,8,66080.90206701211,0.6626793065879659
0.006,64,16,65984.97824777538,0.6636579132123162
0.006,64,24,65570.51908254143,0.6678698496373343
0.006,64,32,64096.47860008845,0.6826347297483789
0.006,64,40,65210.06819260583,0.6715113507249522
0.006,64,48,65124.62737969636,0.6723715844646159
0.006,64,56,65122.782791889826,0.6723901436747348
0.006,64,64,64487.53699189142,0.6787503681410705
0.006,64,72,64458.499540241064,0.6790396076102989
0.006,64,80,64910.40445190081,0.6745234611366537
0.006,128,8,68630.27944622775,0.6361498208271736
0.006,128,16,69477.06477963278,0.6271157984931848
0.006,128,24,69440.05735956664,0.6275129311910613
0.006,128,32,68616.28959971502,0.636298142803946
0.006,128,40,67316.91049717471,0.6499424810639641
0.006,128,48,66805.53977968541,0.6552406816100145
0.006,128,56,67075.16101755583,0.6524522298610138
0.006,128,64,66575.50101653714,0.6576108881082947
0.006,128,72,67684.37364849146,0.6461103288292309
0.006,128,80,66404.05665222477,0.6593720495001612
0.008,8,8,61981.75362499589,0.7032308331661197
0.008,8,16,61249.947844095084,0.7101972481163172
0.008,8,24,57735.15693191599,0.7425032452969975
0.008,8,32,59556.06011255859,0.7260047853865161
0.008,8,40,59193.680702209254,0.7293289861356372
0.008,8,48,61195.601314711705,0.7107112987239748
0.008,8,56,58017.91224124825,0.7399749118949446
0.008,8,64,57655.483145695296,0.7432134394575196
0.008,8,72,57832.40193974907,0.7416350962075511
0.008,16,8,61797.45112672588,0.7049930931066966
0.008,16,16,60794.2153141022,0.7144937806229473
0.008,16,24,60326.42238385924,0.7188706426997155
0.008,16,32,60055.09825642835,0.7213937707896638
0.008,16,40,59422.89238193449,0.7272287255840977
0.008,16,48,58832.32779171016,0.7326235682449815
0.008,16,56,58779.010805037666,0.7331079701560967
0.008,16,64,58808.416673368505,0.7328408627338727
0.008,16,72,57321.780543368506,0.7461773331387412
0.008,16,80,57932.44614719866,0.7407404327212682
0.008,32,8,63342.62211671577,0.6900560714967582
0.008,32,16,63563.69235478251,0.6878888436647124
0.008,32,24,61823.68575379329,0.7047425637132956
0.008,32,32,60946.41352474894,0.7130624625800096
0.008,32,40,62058.37033289887,0.7024966968007692
0.008,32,48,61294.11991347492,0.7097790990835107
0.008,32,56,61542.24188122847,0.7074246829761699
0.008,32,64,61652.73908838737,0.7063731197873782
0.008,32,72,60838.45896104981,0.7140780689377527
0.008,32,80,61218.623677434494,0.7104935915009956
0.008,64,8,64454.060223423156,0.6790838157694334
0.008,64,16,64595.294357151935,0.6776758679290942
0.008,64,24,64417.404840323994,0.6794487256201455
0.008,64,32,63080.94390053338,0.6926116349311857
0.008,64,40,64161.166559312085,0.6819938186815218
0.008,64,48,63119.929249598215,0.6922315725845885
0.008,64,56,63227.71963429385,0.6911795180675162
0.008,64,64,63353.553552976104,0.6899490843042116
0.008,64,72,64347.430331092924,0.6801447560004685
0.008,64,80,64106.58842347642,0.682534606935462
0.008,128,8,66897.03919407763,0.6542956438586771
0.008,128,16,65974.79210394551,0.6637617478887494
0.008,128,24,67491.93663248386,0.6481197929700548
0.008,128,32,65358.569530191526,0.6700135284081656
0.008,128,40,66389.24632857986,0.6595239753873158
0.008,128,48,66625.50969127654,0.6570963187460803
0.008,128,56,66289.65355337877,0.6605447285985946
0.008,128,64,65810.98566011126,0.665429342890408
0.008,128,72,67017.23576945053,0.6530522462524886
0.008,128,80,66272.89251444691,0.6607163663555269
0.01,8,8,60934.81320747763,0.7131716814660788
0.01,8,16,59519.28025069089,0.7263431017344698
0.01,8,24,59785.780781476606,0.7238869906549086
0.01,8,32,67763.73703844957,0.6452799347950345
0.01,8,56,57476.123370129084,0.7448086230544406
0.01,16,8,60202.855596943795,0.7200211393738781
0.01,16,16,60143.1426402105,0.72057626501584
0.01,16,24,60555.734559190314,0.7167293286155066
0.01,16,32,58780.752698463075,0.7330921514359705
0.01,16,40,58917.3938946796,0.7318498060881993
0.01,16,48,58055.84192780447,0.7396348136870554
0.01,16,56,57419.83631956594,0.7453082022080917
0.01,16,64,58564.02272787019,0.7350567498488356
0.01,16,72,58277.58123447813,0.7376421305231169
0.01,16,80,57277.18507338897,0.7465721198280452
0.01,32,8,62097.00223082285,0.7021261845084101
0.01,32,16,61329.36003221012,0.7094452869961063
0.01,32,24,61425.62695414816,0.7085324204556864
0.01,32,32,61084.84911659647,0.7117574643420141
0.01,32,40,61324.07235006126,0.7094953868092329
0.01,32,48,61469.291767656854,0.7081178898557239
0.01,32,56,60573.46847092359,0.7165633911467622
0.01,32,64,60466.691889421505,0.717561772731165
0.01,32,72,60506.688790867534,0.7171880003356104
0.01,32,80,60865.95669906514,0.7138195488086883
0.01,64,8,63872.47923274385,0.6848490604597692
0.01,64,16,64403.21418070413,0.6795899400326202
0.01,64,24,64205.99000407593,0.6815493407430291
0.01,64,32,63092.37838879771,0.6925001861481874
0.01,64,40,63232.39697223847,0.6911338257289588
0.01,64,48,63740.13354579804,0.6861537117610854
0.01,64,56,62800.036617038335,0.6953432165124539
0.01,64,64,63043.03089238638,0.6929810179717922
0.01,64,72,63363.14650198489,0.6898551818270513
0.01,64,80,64072.371087954634,0.682873415194814
0.01,128,8,65784.82334735621,0.6656952985582197
0.01,128,16,65037.816459259135,0.6732444575724936
0.01,128,24,65358.434313600126,0.6700148937868775
0.01,128,32,66058.81018413897,0.6629048120925207
0.01,128,40,65838.79214559376,0.6651465572907193
0.01,128,48,65815.23036137041,0.6653861829749614
0.01,128,56,64660.2918242254,0.6770268797105414
0.01,128,64,65260.685438459535,0.6710011950282604
0.01,128,72,64952.083351855064,0.6741053506838528
0.01,128,80,65321.15675817857,0.670391204212019
0.012,8,8,62082.041763865636,0.702269695286782
0.012,8,16,58957.73016517436,0.731482516208312
0.012,8,24,59051.015158946,0.7306321283741235
0.012,16,8,60981.6779004913,0.7127303150443054
0.012,16,16,59564.8643271997,0.7259237695845144
0.012,16,24,59476.9272125231,0.7267324235576043
0.012,16,32,59260.170543687615,0.7287205772593269
0.012,16,40,58280.77403879007,0.7376133825804191
0.012,16,48,57039.999119014086,0.7486666737473451
0.012,16,56,58013.444372422986,0.7400149586049163
0.012,16,64,58510.68702364371,0.7355391108436239
0.012,16,72,58641.79826847872,0.7343525705098117
0.012,16,80,56943.68160300025,0.7495147580198147
0.012,32,8,62321.125487497826,0.699972105419486
0.012,32,16,61416.301231541875,0.7086209157497201
0.012,32,24,62151.704679189985,0.7016011477606148
0.012,32,32,60486.38385129647,0.7173777815694573
0.012,32,40,60531.66802740707,0.7169544431472697
0.012,32,48,59870.7413430526,0.723101673998741
0.012,32,56,60799.38378917385,0.714445233421668
0.012,32,64,60154.31251663666,0.7204724653710703
0.012,32,72,59913.812243213426,0.7227031304113067
0.012,32,80,59437.76735262938,0.7270921461484324
0.012,64,8,62953.6759552035,0.6938507166433019
0.012,64,16,62697.299855641664,0.6963391983948835
0.012,64,24,63771.39997087238,0.6858457344269526
0.012,64,32,62658.31367812316,0.6967167232081475
0.012,64,40,63023.531285456884,0.6931709144128432
0.012,64,48,61783.59625543767,0.7051253582557961
0.012,64,56,62305.91321911334,0.7001185580960753
0.012,64,64,62088.33866826538,0.7022092953936506
0.012,64,72,61605.61223928932,0.7068218401901838
0.012,64,80,62156.66092829178,0.7015535546006344
0.012,128,8,66767.60058208414,0.6556321514755566
0.012,128,16,65373.74905670343,0.6698602319053614
0.012,128,24,65704.67770356912,0.6665093691344126
0.012,128,32,65141.39616605374,0.6722028422104046
0.012,128,40,65122.54730299562,0.6723925129943493
0.012,128,48,65439.601447567766,0.6691947830609357
0.012,128,56,65551.56319589059,0.6680618539568703
0.012,128,64,64550.18357268767,0.6781259074377757
0.012,128,72,63721.82601480075,0.686333972616513
0.012,128,80,64958.66989803756,0.6740392518342752
0.014,8,8,62857.37806952943,0.6947866105317685
0.014,8,16,60301.51759389815,0.7191027142231836
0.014,8,24,60134.550592137915,0.720656096250708
0.014,8,40,58589.2469658789,0.7348284721277295
0.014,16,8,59844.90564194352,0.7233405993467064
0.014,16,16,59029.13204149575,0.7308317360030383
0.014,16,24,59164.03838118577,0.7296000052065241
0.014,16,32,58564.968416699856,0.7350481931997715
0.014,16,40,57959.13517391271,0.7405014999700807
0.014,16,48,57891.49896458723,0.7411067972657
0.014,16,56,58444.424671300796,0.7361377665356644
0.014,16,64,56657.22819805073,0.7520285356494086
0.014,16,72,58517.243544909434,0.7354798382326871
0.014,16,80,57053.554121495275,0.7485472056999078
0.014,32,8,61001.77216438167,0.7125409655836548
0.014,32,16,61166.99227239921,0.7109817213665226
0.014,32,24,60656.08491979197,0.7157897027431985
0.014,32,32,61175.96280657173,0.7108969423586642
0.014,32,40,60553.33304068471,0.7167517960589327
0.014,32,48,59687.039657818736,0.7247982840867879
0.014,32,56,59954.37040675173,0.7223275756592877
0.014,32,64,58968.28946979661,0.731386324858831
0.014,32,72,58220.616587088814,0.7381547742875112
0.014,32,80,59100.97748091344,0.7301761180000654
0.014,64,8,63318.4863531174,0.6902922255404684
0.014,64,16,62569.39519963105,0.6975768916725587
0.014,64,24,62175.74804372836,0.7013702321277121
0.014,64,32,61684.77068931476,0.7060679335960263
0.014,64,40,62116.852700093215,0.7019357121861209
0.014,64,48,60856.50430187047,0.7139084287472376
0.014,64,56,62280.46531095785,0.7003634721512924
0.014,64,64,66389.59263461297,0.6595204233298517
0.014,64,72,61873.211067997734,0.7042693284456032
0.014,64,80,61812.34680925445,0.7048508587991602
0.014,128,8,65391.731384441395,0.6696785841309858
0.014,128,16,64506.56377579959,0.6785607733969493
0.014,128,24,66035.55651473707,0.663142095215425
0.014,128,32,64133.66251887511,0.6822664003898271
0.014,128,40,64164.51715893337,0.6819606042227082
0.014,128,48,64674.9852873712,0.6768800776252848
0.014,128,56,64265.34576108737,0.6809602799108794
0.014,128,64,63869.99512165734,0.684873573512297
0.014,128,72,63350.55786536555,0.6899784052712314
0.014,128,80,63673.20818283706,0.6868124254673187
0.016,8,8,61674.387292043255,0.7061668804352379
0.016,8,16,60078.055716298826,0.7211807226375526
0.016,8,40,59916.40965547401,0.7226790868769587
0.016,16,8,60894.04982655886,0.7135553104813961
0.016,16,16,59269.327930028456,0.7286367299670142
0.016,16,24,59974.85666968159,0.7221377832513927
0.016,16,32,58144.97898979108,0.7388346873421189
0.016,16,40,56771.6531917913,0.7510259174002216
0.016,16,48,58219.88617609052,0.7381613442431119
0.016,16,56,58962.538964571766,0.7314387119651724
0.016,16,64,56889.33304404879,0.749992669352868
0.016,32,8,62982.04456186357,0.6935747363984679
0.016,32,16,61347.92045959168,0.7092693961771915
0.016,32,24,59515.12055925488,0.7263813511378063
0.016,32,32,59457.30341801377,0.726912717407981
0.016,32,40,59074.21646771618,0.7304204160130303
0.016,32,48,59572.16986780158,0.7258565353906676
0.016,32,56,58499.12822339087,0.7356435891468927
0.016,32,64,59255.8052439846,0.7287605424621277
0.016,32,72,58409.49585871541,0.7364530623231761
0.016,32,80,57733.69234116448,0.742516309177037
0.016,64,8,63552.28482118377,0.6880008604114801
0.016,64,16,62328.37664668145,0.699902283940159
0.016,64,24,62134.996233705904,0.7017615652683569
0.016,64,32,60620.31062970085,0.7161248520795861
0.016,64,40,62294.896374154574,0.7002245979596704
0.016,64,48,62319.778239821615,0.6999850771850475
0.016,64,56,63014.68791438319,0.6932570160017031
0.016,64,64,61639.65591761812,0.7064977261898869
0.016,64,72,61294.38359438385,0.7097766020780669
0.016,64,80,60760.31052128549,0.714812144135033
0.016,128,8,64740.08962291457,0.6762292202394272
0.016,128,16,64884.239280569054,0.6747858053035023
0.016,128,24,63528.73063633938,0.6882320880873571
0.016,128,32,65076.566567080416,0.6728549738782406
0.016,128,40,62439.189070680804,0.6988342594395486
0.016,128,48,63650.07734277318,0.6870399301296634
0.016,128,56,64287.09043843762,0.6807443442660228
0.016,128,64,63159.72160539673,0.6918434006945194
0.016,128,72,63870.22324542054,0.6848713224410534
0.016,128,80,63532.45121744679,0.6881955694364099
0.018,8,8,62080.05195226896,0.7022887802814802
0.018,8,16,58345.88215411133,0.7370268069624473
0.018,16,16,60830.23277089135,0.7141553848067292
0.018,16,24,58317.8211904834,0.7372796956473315
0.018,16,32,57652.97457195909,0.7432357843923865
0.018,16,48,58654.36519240404,0.7342387019436348
0.018,16,56,57355.69785408352,0.7458768704125243
0.018,16,72,57278.85201546865,0.7465573685533667
0.018,32,8,61143.86575961099,0.7112002288033265
0.018,32,16,59852.040980746126,0.7232746229291845
0.018,32,24,59172.59967116006,0.7295217434677699
0.018,32,32,60274.3750421622,0.7193555288627167
0.018,32,40,58996.0520784572,0.7311333356028065
0.018,32,48,59743.0097699577,0.7242819142711003
0.018,32,56,58266.344732344674,0.7377432912266723
0.018,32,64,58878.83500145714,0.7322006767091997
0.018,32,72,57879.24740767122,0.7412163646196988
0.018,32,80,58348.49498727832,0.7370032536133392
0.018,64,8,61571.4014182562,0.7071473650993519
0.018,64,16,61688.64305849969,0.7060310282402842
0.018,64,24,62478.68448768364,0.6984531389084757
0.018,64,32,61354.77078323377,0.7092044645573952
0.018,64,40,61033.16538733958,0.7122450204886677
0.018,64,48,61301.59030112632,0.7097083518484835
0.018,64,56,60894.32752943089,0.7135526978552178
0.018,64,64,61002.554995356295,0.7125335876576699
0.018,64,72,61377.1972148066,0.7089918421984036
0.018,64,80,60917.07245144484,0.713338673377798
0.018,128,8,65782.7316166512,0.6657165576953878
0.018,128,16,63936.71072369561,0.6842148971029818
0.018,128,24,63850.527850353465,0.6850656423146015
0.018,128,32,62719.7175036971,0.6961220095209557
0.018,128,40,64322.57630322226,0.6803917947970223
0.018,128,48,63929.06661318408,0.6842904015165642
0.018,128,56,63738.68466621588,0.6861679797045452
0.018,128,64,63364.132351396016,0.6898455308396296
0.018,128,72,62330.334200550045,0.6998834332431954
0.018,128,80,62250.93237697746,0.7006475756065668
0.02,8,8,60904.137910422476,0.7134603942319653
0.02,16,8,60616.952776001985,0.7161562997843448
0.02,16,16,58748.22979375813,0.7333874255407824
0.02,16,24,58306.132558583166,0.7373849990734036
0.02,16,32,58212.01684994156,0.7382321226201214
0.02,16,40,59050.349909242774,0.7306381975631727
0.02,32,8,61561.896221033625,0.707237777437691
0.02,32,16,60296.3817466357,0.7191505599219017
0.02,32,24,60075.42857918156,0.7212051069305616
0.02,32,32,59145.8193060971,0.7297665144380118
0.02,32,40,58024.02917299351,0.7399200791889023
0.02,32,48,58775.80785687615,0.7331370559822741
0.02,32,56,58282.255363464144,0.7376000442294282
0.02,32,64,58559.50735012234,0.7350976033517689
0.02,32,72,58337.33586280021,0.7371038400222947
0.02,32,80,57971.3808692217,0.7403918339009159
0.02,64,8,62285.181074618995,0.7003180945665877
0.02,64,16,61756.9951851293,0.7053792215117538
0.02,64,24,61610.297206052834,0.7067772474295089
0.02,64,32,61486.543805917485,0.7079540269632116
0.02,64,40,61848.019262952126,0.7045100941228967
0.02,64,48,60501.083916924785,0.7172403929626858
0.02,64,56,60718.37509109596,0.7152056690605801
0.02,64,64,60483.88489582006,0.7174011337920962
0.02,64,72,60827.61430895911,0.7141799928708499
0.02,64,80,60427.66192903455,0.7179262707628438
0.02,128,8,64561.03875315719,0.6780176414358258
0.02,128,16,63651.59302154197,0.6870250251177319
0.02,128,24,62948.901190928795,0.6938971550824706
0.02,128,32,63883.31843208427,0.6847420887641557
0.02,128,40,62922.91352548663,0.6941498443632705
0.02,128,48,63082.121596975434,0.6926001571839999
0.02,128,56,63429.02288868075,0.6892099537440146
0.02,128,64,62800.54513515756,0.6953382826261019
0.02,128,72,62515.03543008652,0.6981021487604839
0.02,128,80,62105.708558907776,0.7020426516847404
0.022,16,8,60605.146530362246,0.7162668563843786
0.022,16,16,59500.37993267551,0.7265168733650198
0.022,16,24,59976.86155366037,0.7221192057724667
0.022,16,32,57616.89986776595,0.743557009628766
0.022,16,40,58209.93619131093,0.7382508349028809
0.022,16,80,58326.08350969593,0.7372052472971712
0.022,32,8,60905.41274304977,0.7134483985326889
0.022,32,16,60406.92842748664,0.7181198037438952
0.022,32,24,60420.922905076775,0.7179891822031402
0.022,32,32,59446.29773689253,0.7270138061965478
0.022,32,40,58217.57420829407,0.7381821395609995
0.022,32,48,58629.705682289816,0.7344621180789282
0.022,32,56,57439.567347203934,0.7451331339862297
0.022,32,64,58666.150938038874,0.73413188944186
0.022,32,72,57200.185128893325,0.747253047705806
0.022,32,80,57743.55198183642,0.7424283566022362
0.022,64,8,61284.410644517884,0.7098710364376688
0.022,64,16,61543.667281086586,0.7074111299552792
0.022,64,24,61604.31799255834,0.7068341585772703
0.022,64,32,61561.4144735159,0.7072423593927907
0.022,64,40,60503.07331343079,0.7172217972554269
0.022,64,48,61171.17952467467,0.7109421498975848
0.022,64,56,60263.305193114444,0.7194586043950824
0.022,64,64,60979.65057920077,0.7127494151506919
0.022,64,72,58891.9413759465,0.7320814396737934
0.022,64,80,59733.63117954305,0.724368473151877
0.022,128,8,63746.61350462609,0.6860898959424261
0.022,128,16,63798.76636166833,0.6855760488597497
0.022,128,24,63816.03452697966,0.6854058179957363
0.022,128,32,62672.45352320965,0.6965798263729213
0.022,128,40,63269.64617567912,0.6907698222046699
0.022,128,48,63956.72478807871,0.6840171661748775
0.022,128,56,63374.919709684786,0.6897399180250576
0.022,128,64,62231.90946299562,0.7008305025160418
0.022,128,72,61769.63656146213,0.7052585940974732
0.022,128,80,62746.19860610837,0.6958653526580967
0.024,16,8,59569.85204950264,0.7258778675791356
0.024,16,16,58943.47705946792,0.7316123293966282
0.024,16,24,58182.739515453235,0.7384953651213995
0.024,16,40,56993.58899083111,0.7490754979668933
0.024,32,8,60745.92113674607,0.7149472057161216
0.024,32,16,60237.75105299456,0.7196964763184481
0.024,32,24,59294.420038421726,0.7284069140348974
0.024,32,32,59851.361899116906,0.7232809023492599
0.024,32,40,59330.47286648402,0.7280765397551039
0.024,32,48,58330.740136033295,0.7371632837109554
0.024,32,56,58313.29811677939,0.7373204467314441
0.024,32,64,58404.581254219316,0.7364974104023776
0.024,32,72,58519.18840317002,0.7354622549447656
0.024,32,80,57807.77883487349,0.7418550556627848
0.024,64,8,62553.95581703727,0.6977261227776275
0.024,64,16,61017.9214616732,0.7123887445669377
0.024,64,24,60594.98311972077,0.7163620118231496
0.024,64,32,60611.66663147665,0.7162058032097007
0.024,64,40,60428.13362981419,0.7179218669877161
0.024,64,48,60924.352077172734,0.7132701568923323
0.024,64,56,60457.025359571955,0.7176520696942443
0.024,64,64,59796.339447048944,0.7237894543401417
0.024,64,72,59656.09740151108,0.7250835438303354
0.024,64,80,59109.54512356784,0.730097881657377
0.024,128,8,63935.902026083626,0.6842228854101898
0.024,128,16,63446.367019849706,0.6890399646740222
0.024,128,24,62117.127155034366,0.7019330782665407
0.024,128,32,64437.89685558544,0.6792447501130889
0.024,128,40,63674.86156180634,0.686796160401149
0.024,128,48,62855.27325634916,0.6948070506592073
0.024,128,56,62476.700107935416,0.6984722934084975
0.024,128,64,63263.780994335066,0.690827151654529
0.024,128,72,62387.69989561478,0.6993307547368381
0.024,128,80,66905.46107746176,0.6542085947134297
0.026,8,8,63616.69458365154,0.6873681223755832
0.026,16,16,60832.45656223786,0.7141344849886041
0.026,16,32,58021.48005245577,0.7399429304287795
0.026,16,40,57029.03598667828,0.7487632773856198
0.026,16,56,58143.97374429149,0.7388437176312452
0.026,32,8,60237.0859375295,0.719702666230123
0.026,32,16,59950.539325470905,0.7223630610336467
0.026,32,32,59506.45740773539,0.7264610024019247
0.026,32,40,58511.42185708201,0.7355324680939082
0.026,32,48,59427.041658586415,0.7271906310737274
0.026,32,64,58280.34155975861,0.7376172767047168
0.026,32,80,58144.43357478186,0.7388395869161082
0.026,64,8,61675.71030781909,0.706154273904737
0.026,64,16,61529.864686061745,0.7075423549211726
0.026,64,24,60884.88604741146,0.7136415165515118
0.026,64,32,59917.63380280542,0.722667754918797
0.026,64,40,60392.92075663656,0.7182505181273936
0.026,64,48,59658.31115206245,0.7250631399562975
0.026,64,56,60136.914478697785,0.7206341338257105
0.026,64,64,59345.83594274609,0.7279356974011413
0.026,64,72,59390.4806301757,0.7275262063479337
0.026,64,80,58731.705332237296,0.7335373878339242
0.026,128,8,63649.4913868565,0.6870456922581065
0.026,128,16,63051.46463646886,0.6928988679646404
0.026,128,24,61677.953513336615,0.706132898606816
0.026,128,32,62041.803512361366,0.7026555158589385
0.026,128,40,62012.61653787614,0.7029352158032272
0.026,128,48,61615.87084323636,0.7067241916503301
0.026,128,56,62103.100480485504,0.7020676761094568
0.026,128,64,62699.91476554334,0.6963138683664043
0.026,128,72,62936.68975502991,0.6940159051364392
0.026,128,80,61202.01801156075,0.7106506285065554
0.028,16,8,60692.382569973015,0.7154494482527423
0.028,16,32,58017.96650771388,0.7399744254710607
0.028,32,8,61747.39692801623,0.7054707941740164
0.028,32,16,61682.81208001895,0.706086599108807
0.028,32,24,58541.01050678565,0.7352649232117704
0.028,32,32,59051.25976819694,0.7306298967440796
0.028,32,40,58048.17324177735,0.7397035932251363
0.028,32,48,57510.57368030435,0.7445026157492771
0.028,32,56,58044.74266734088,0.739734358700173
0.028,32,72,57705.152722518345,0.7427708111757608
0.028,32,80,57314.51708317837,0.7462416547286116
0.028,64,8,61117.03890122663,0.7114535948880587
0.028,64,16,60867.050988763134,0.713809258421364
0.028,64,24,61034.0047038431,0.7122371061305512
0.028,64,32,60462.73094985539,0.7175987743951515
0.028,64,40,59903.31194295747,0.7228003181926924
0.028,64,48,59754.505812372605,0.724175794014297
0.028,64,56,58831.97908494543,0.7326267377845076
0.028,64,64,57708.364020972665,0.7427421807106426
0.028,64,72,58831.47325392529,0.7326313354577687
0.028,64,80,58693.894941067294,0.7338803648502905
0.028,128,8,63378.273207305276,0.6897070821972762
0.028,128,16,63129.90630772585,0.6921342699986734
0.028,128,24,62633.52510083367,0.696956642650487
0.028,128,32,62652.47445373453,0.6967732474420213
0.028,128,40,62052.94199669496,0.7025487406205457
0.028,128,48,61780.75923252003,0.7051524381592056
0.028,128,56,61563.43738363611,0.7072231190251271
0.028,128,64,62406.8056418496,0.6991465713187621
0.028,128,72,62156.24827531583,0.7015575173104456
0.028,128,80,61370.17175036487,0.7090584581583674
0.03,8,8,66301.20909417485,0.6604263713311298
0.03,16,8,60694.0157595828,0.7154341339336265
0.03,32,8,60578.99523863673,0.7165116668588241
0.03,32,16,60328.02712501497,0.7188556858754154
0.03,32,24,58747.505552412906,0.733393999037892
0.03,32,32,58271.71301946034,0.7376949636999262
0.03,32,40,58853.29358214877,0.7324329670127936
0.03,32,48,57876.708740539136,0.7412390653675889
0.03,32,72,58820.5713162061,0.7327304173367889
0.03,64,8,61037.81835699568,0.7122011438122139
0.03,64,16,60845.09685337571,0.7140156734542906
0.03,64,24,60851.433345832615,0.7139561047468377
0.03,64,32,59297.30634530375,0.7283804724212748
0.03,64,40,58539.05212420829,0.735282635372376
0.03,64,48,58979.25318338756,0.7312864312650681
0.03,64,56,59617.95306478747,0.7254349967002229
0.03,64,64,58352.250098435725,0.7369694013675993
0.03,64,72,58218.509033204355,0.7381737312469712
0.03,64,80,58644.782979049225,0.7343255283353904
0.03,128,8,62386.766328843856,0.6993397530719822
0.03,128,16,63186.088486406064,0.6915860587002233
0.03,128,24,62765.38876774454,0.695679292445168
0.03,128,32,62316.8541801568,0.7000132300757913
0.03,128,40,63022.42080361422,0.6931817270448732
0.03,128,48,60965.362997650285,0.7128840054711876
0.03,128,56,62703.68853808217,0.6962773108406985
0.03,128,64,61853.18538254286,0.7044607279519172
0.03,128,72,61220.77548639351,0.7104732390855208
0.03,128,80,61285.726553493754,0.7098585769099635
0.032,16,8,61990.03358521295,0.7031515388293564
0.032,16,16,58217.96432298414,0.7381786306777427
0.032,16,40,57686.53353647379,0.742936779905469
0.032,32,8,60593.88740922329,0.7163722695143062
0.032,32,16,60211.265128083665,0.7199429153305503
0.032,32,24,59381.32611740435,0.7276101986832487
0.032,32,32,58965.65790126458,0.7314102990839044
0.032,32,40,58616.63412331899,0.7345805088199735
0.032,32,48,58576.80405013656,0.7349410919951062
0.032,32,72,57106.92573440964,0.7480765349910259
0.032,64,8,61622.755111230275,0.7066586532744923
0.032,64,16,61041.86741997258,0.7121629591464935
0.032,64,24,59915.99973675846,0.7226828814515764
0.032,64,32,59919.05844506647,0.722654566683258
0.032,64,40,59504.922645419894,0.7264751121960464
0.032,64,48,58530.39636239276,0.7353609134097536
0.032,64,56,59543.48729274158,0.7261204588825017
0.032,64,64,58435.751688252254,0.736216073504704
0.032,64,72,58825.31671024665,0.7326872912461401
0.032,64,80,58234.58504354652,0.7380291139075217
0.032,128,8,63863.63727523842,0.6849363079997293
0.032,128,16,61929.82284853666,0.7037279148457389
0.032,128,24,61570.91354565431,0.7071520060270431
0.032,128,32,62248.840645603654,0.700667692713699
0.032,128,40,61272.11520134599,0.7099874414515308
0.032,128,48,60609.60106846506,0.7162251455191937
0.032,128,56,66422.33208041685,0.6591845314903115
0.032,128,64,61953.96508718818,0.7034968770281802
0.032,128,72,61117.43977937129,0.711449809615442
0.032,128,80,61180.25466375207,0.7108563763421691
0.034,8,8,67706.72732738532,0.6458765365383239
0.034,8,16,60603.27864459305,0.7162843457549812
0.034,16,8,59535.86755230402,0.726190550762582
0.034,32,8,62366.61746645814,0.6995339283445904
0.034,32,16,59962.95532195536,0.7222480496841204
0.034,32,24,58965.47651910758,0.7314119514797601
0.034,32,32,58070.167210514104,0.7395063075818089
0.034,32,40,58944.1333454589,0.7316063528218575
0.034,32,48,58370.08119638912,0.7368086246723458
0.034,32,64,57626.08382732112,0.7434752506393016
0.034,64,8,61471.78325714815,0.7080942280913805
0.034,64,16,59787.12241183477,0.7238745982182038
0.034,64,24,59739.2574504217,0.7243165476072392
0.034,64,32,59743.96007220605,0.7242731427812922
0.034,64,40,59530.10476366872,0.7262435551003125
0.034,64,48,59677.95340281273,0.7248820665176671
0.034,64,56,58185.34215886778,0.7384719692296295
0.034,64,64,58451.66440495414,0.736072391245556
0.034,64,72,58961.86581249761,0.7314448440469752
0.034,64,80,58024.949196426496,0.7399118315190317
0.034,128,8,61888.94442385329,0.7041189102797101
0.034,128,16,62511.49253182525,0.6981363665468608
0.034,128,24,61974.32451758265,0.7033019701623935
0.034,128,32,61316.559699777325,0.7095665603565026
0.034,128,40,61078.23167747341,0.7118199126951601
0.034,128,48,61178.326284879404,0.7108746034538659
0.034,128,56,63903.499739837614,0.6845428717528694
0.034,128,64,62279.68494322779,0.7003709809330909
0.034,128,72,61344.30992946529,0.7093036161053317
0.034,128,80,60695.654299985974,0.7154187690263287
0.036,8,8,66279.4817026669,0.6606488963908168
0.036,16,8,60963.970737181895,0.7128971190053308
0.036,16,16,58694.33652970688,0.7338763604866394
0.036,16,24,57220.83407350681,0.7470705343165722
0.036,32,8,64425.99905481894,0.6793631875520925
0.036,32,16,58734.51208929529,0.7335119190114567
0.036,32,40,58125.55449433031,0.739009153208268
0.036,32,56,56927.65943070079,0.7496556956262859
0.036,32,64,57685.15916990824,0.7429490286874514
0.036,64,8,60393.53827722598,0.7182447562932766
0.036,64,16,60120.823403005845,0.7207836159175319
0.036,64,24,59600.85828333326,0.7255924310153026
0.036,64,32,60022.92312761722,0.7216922230524806
0.036,64,40,59285.33574043981,0.7284901273801987
0.036,64,48,59523.82654801999,0.7263012943357299
0.036,64,56,58930.20810194584,0.7317331510358973
0.036,64,64,58962.61808962385,0.7314379911705615
0.036,64,72,58289.91192154913,0.7375310965726468
0.036,64,80,57669.32053291252,0.7430901664826238
0.036,128,8,64292.07824351042,0.6806948025386852
0.036,128,16,61642.57612536768,0.7064699159140442
0.036,128,24,61861.34556453118,0.7043827428550352
0.036,128,32,61265.046699326296,0.7100543507170329
0.036,128,40,62270.52806775967,0.7004590823394645
0.036,128,48,61428.58245149976,0.7085043718243236
0.036,128,56,61396.821689385295,0.7088057211162977
0.036,128,64,60884.21543919507,0.7136478246291557
0.036,128,72,61274.524853693765,0.7099646303185463
0.036,128,80,60572.44316644364,0.7165729863168147
0.038,8,8,66260.76570566061,0.6608405212296661
0.038,16,8,58842.96718610649,0.7325268533727278
0.038,16,24,58590.55733263594,0.7348166107074625
0.038,16,32,57101.45839155159,0.7481247703322402
0.038,32,16,58864.319477354926,0.7323327027034638
0.038,32,24,58471.971952236614,0.7358889694902216
0.038,32,32,58808.3724409467,0.7328412646182243
0.038,64,8,61737.412599837844,0.7055660350634168
0.038,64,16,60131.97294747025,0.7206800436780867
0.038,64,24,60498.55941292806,0.7172639896594413
0.038,64,32,59526.06047757557,0.726280750122203
0.038,64,40,59145.23404397508,0.7297718624623541
0.038,64,48,59141.16299169523,0.7298090615716991
0.038,64,56,59299.237704318184,0.7283627784180005
0.038,64,64,58214.665512106425,0.7382083010628633
0.038,64,72,57629.265455382825,0.7434469235756596
0.038,64,80,58767.65564580939,0.7332110786882888
0.038,128,8,61915.41023983869,0.7038657985522081
0.038,128,16,62276.684849222074,0.7003998472824919
0.038,128,24,61263.30819245772,0.7100708059513946
0.038,128,32,61395.2768391379,0.7088203748355579
0.038,128,40,61058.999251146495,0.7120013694775471
0.038,128,48,61041.440165235,0.71216698848944
0.038,128,56,60457.53535266444,0.7176473061088504
0.038,128,64,60204.11305829115,0.7200094433747897
0.038,128,72,60633.64699890616,0.7159999342035981
0.038,128,80,60082.25780951735,0.7211417178610291
0.04,16,16,59797.335004430905,0.7237802569297527
0.04,32,8,61516.84654322029,0.7076660949183038
0.04,32,16,59176.41336473042,0.7294868775185119
0.04,32,24,59302.80651054606,0.7283300815464399
0.04,32,40,58076.348881496,0.7394508446105228
0.04,32,48,57329.76944000643,0.7461065780318812
0.04,32,80,57465.52999511399,0.744902682593364
0.04,64,8,60960.54938874896,0.7129293430031102
0.04,64,16,60199.50793011313,0.7200522757668754
0.04,64,24,60395.77186191452,0.7182239151286876
0.04,64,32,59365.79985155779,0.7277526220290261
0.04,64,40,58724.11922036011,0.7336062189576575
0.04,64,48,58590.42343142615,0.7348178227913778
0.04,64,56,58144.3132067176,0.7388406682007269
0.04,64,64,58428.85234623906,0.7362783582545911
0.04,64,72,57447.19318823644,0.745065455787675
0.04,64,80,57567.61613832257,0.7439955289418686
0.04,128,8,61232.58573996334,0.7103615216413851
0.04,128,16,61517.19704771594,0.7076627636474202
0.04,128,24,62951.72489684624,0.6938696926872838
0.04,128,32,61307.2991750908,0.7096542809641404
0.04,128,40,61181.67484041118,0.7108429524100937
0.04,128,48,60286.14796437275,0.719245885977229
0.04,128,56,61313.660935078784,0.7095940204196796
0.04,128,64,60661.17863230749,0.7157419665157057
0.04,128,72,59829.31444358773,0.7234847349138551
0.04,128,80,60253.858893055716,0.7195465474806073
0.042,16,8,60595.09806770622,0.7163609357061318
0.042,16,16,59098.62077559631,0.730197636517222
0.042,16,64,57188.01308622218,0.7473606039786287
0.042,32,16,58557.76257439709,0.7351133886070284
0.042,32,24,58649.47963579574,0.7342829727421532
0.042,32,48,57527.281529845386,0.7443541410718729
0.042,32,72,56951.646675900934,0.7494446792088667
0.042,64,8,61934.65991877716,0.703681631979538
0.042,64,16,59956.68508854901,0.7223061348299102
0.042,64,24,58842.888910720154,0.7325275649802814
0.042,64,32,59237.455572636354,0.7289285052211294
0.042,64,40,57650.058768751966,0.7432617554718245
0.042,64,48,58835.07884512202,0.7325985621277555
0.042,64,56,58688.18101922102,0.7339321764665769
0.042,64,64,58930.103990766715,0.7317340989216826
0.042,64,72,58080.345874963525,0.7394149797833167
0.042,64,80,57510.569711700235,0.7445026510112429
0.042,128,8,61934.52147196157,0.7036829567398146
0.042,128,16,62166.01472713533,0.701463722938986
0.042,128,24,60592.3061247376,0.7163870726668031
0.042,128,32,61347.56547403482,0.7092727607530704
0.042,128,40,60660.96854028276,0.7157439354930231
0.042,128,48,60257.884065471924,0.7195090756496494
0.042,128,56,60332.169068411094,0.7188170794808175
0.042,128,64,59953.35108195347,0.7223370173723751
0.042,128,72,60653.68212608277,0.7158122193691652
0.042,128,80,60292.27258426753,0.7191888380604152
0.044,8,8,72266.96203931948,0.5965677103203464
0.044,8,16,69337.16883630975,0.6286159329254739
0.044,16,8,61446.86418051246,0.7083308422764476
0.044,16,16,58666.13793598207,0.7341320072894378
0.044,16,24,57960.599262682445,0.7404883895730001
0.044,32,16,58447.37654026428,0.7361111119347609
0.044,32,24,59058.241621356145,0.7305661956919745
0.044,32,48,58061.56609742878,0.7395834683645197
0.044,64,8,61409.00616808517,0.7086901319879249
0.044,64,16,60030.52019328792,0.7216217680945336
0.044,64,24,59661.327467024086,0.725035337723449
0.044,64,32,58466.880353111366,0.7359349637982062
0.044,64,40,59448.88184309124,0.7269900724847878
0.044,64,48,59204.247121448374,0.7292323447833876
0.044,64,56,58180.32457700386,0.7385170727445469
0.044,64,64,57516.02446668769,0.7444541819545376
0.044,64,72,57656.11330036825,0.7432078262486262
0.044,64,80,57520.985200256466,0.7444100986091129
0.044,128,8,62299.69778129189,0.7001783855311164
0.044,128,16,61908.667241134615,0.7039302969959624
0.044,128,24,60828.802062455965,0.7141688306041305
0.044,128,32,60218.20814406443,0.7198783243302491
0.044,128,40,61326.7098039302,0.7094703979602206
0.044,128,48,60765.06710420261,0.7147674908813255
0.044,128,56,60391.36155770267,0.7182650661179653
0.044,128,64,60162.69026034953,0.7203945998608251
0.044,128,72,59726.17022104692,0.7244373237109547
0.044,128,80,59716.284276682934,0.7245285390632994
0.046,8,32,64580.51489963004,0.6778233471189539
0.046,16,16,59193.294405565226,0.7293325189101454
0.046,32,8,62008.38342200535,0.7029757709935311
0.046,64,8,60912.702235284785,0.7133798023084725
0.046,64,16,59952.56140657361,0.7223443317984517
0.046,64,24,59522.1493618667,0.7263167179816465
0.046,64,32,58682.2481570913,0.7339859680102329
0.046,64,40,58882.30148163646,0.7321691425127923
0.046,64,48,59067.84595024485,0.730478555382553
0.046,64,56,57609.83113249985,0.7436199292379988
0.046,64,64,57567.36292141,0.7439977810594147
0.046,64,72,57905.40047085029,0.7409824461033052
0.046,64,80,57547.695109807544,0.7441726768008701
0.046,128,8,61262.258139207544,0.7100807446403898
0.046,128,16,60899.572360613776,0.713503352292076
0.046,128,24,60734.394566382536,0.7150553732868589
0.046,128,32,60219.48147226874,0.7198664777272905
0.046,128,40,60531.55589098849,0.7169554918441476
0.046,128,48,60387.933167097864,0.7182970531425553
0.046,128,56,60184.05640494533,0.7201959667810646
0.046,128,64,59805.31572059983,0.723706521922189
0.046,128,72,59984.71656586605,0.7220464143689549
0.046,128,80,59865.44284068298,0.7231506822950484
0.048,16,16,58213.660803376115,0.7382173373472223
0.048,16,24,59151.18031203595,0.7297175240277185
0.048,32,8,60245.21218484297,0.7196270344474647
0.048,32,24,59202.23284757965,0.7292507688310188
0.048,32,32,58155.623144148165,0.7387390595374508
0.048,32,48,57606.415274049825,0.7436503314124461
0.048,64,8,61339.886197049884,0.7093455406668931
0.048,64,16,59670.89757987969,0.7249471179666199
0.048,64,24,59467.41600566601,0.7268198153161161
0.048,64,32,58939.23747009365,0.7316509363011549
0.048,64,40,58249.025140438695,0.7378991789561368
0.048,64,48,58549.271127408836,0.7351902053239441
0.048,64,56,58465.102581502346,0.7359510221267621
0.048,64,64,58153.31993753698,0.7387597531858758
0.048,64,80,57887.897610041466,0.741139007079872
0.048,128,8,61717.47723297336,0.7057561532167196
0.048,128,16,62133.86215285628,0.7017724519966522
0.048,128,24,61083.968538410125,0.7117657746927297
0.048,128,32,60318.023861510614,0.7189489137705025
0.048,128,40,60376.52131745535,0.7184035130841329
0.048,128,48,60078.673339683664,0.7211749898890822
0.048,128,56,60464.78161175713,0.7175796181563965
0.048,128,64,59666.067369923134,0.7249916458504402
0.048,128,72,59786.951489793006,0.7238761770147101
0.048,128,80,58641.658586115496,0.7343538360309123
0.05,16,8,61642.22621638503,0.7064732483030534
0.05,32,16,58931.54874603094,0.731720944920669
0.05,32,24,57939.1895336488,0.7406800731362545
0.05,32,40,58275.141073134284,0.7376641006225912
0.05,64,8,60676.409238896034,0.7155992074766063
0.05,64,16,59900.80911612988,0.7228234811292384
0.05,64,24,60100.58558361691,0.7209715634325412
0.05,64,32,58974.402269830876,0.7313306316446195
0.05,64,40,58639.27691378476,0.7343754134994175
0.05,64,56,58545.03994045847,0.7352284780211029
0.05,64,64,58622.30701850995,0.7345291319424709
0.05,64,72,58673.277522061144,0.734067291833818
0.05,128,8,61775.61043572938,0.705201581191421
0.05,128,16,60735.39865309427,0.7150459515586818
0.05,128,24,60078.81389510023,0.7211736852527075
0.05,128,32,61323.05514637732,0.709505024131107
0.05,128,40,60097.79630706628,0.7209974623287767
0.05,128,48,60605.12840662237,0.7162670260830004
0.05,128,56,60577.905747489225,0.716521863635803
0.05,128,64,60713.493221882345,0.7152514631972594
0.05,128,72,59826.82148571587,0.7235077780174416
0.05,128,80,59183.383517825176,0.7294231484476059
0.052,32,8,59352.37991925981,0.7278756938461084
0.052,32,24,57751.86235647561,0.7423542125355913
0.052,32,32,58044.054669676465,0.739740528461082
0.052,64,8,60569.63728065644,0.7165992439801483
0.052,64,16,59518.28098801276,0.7263522904487283
0.052,64,24,59221.827193526464,0.7290715177529171
0.052,64,32,59102.72897463382,0.7301601249705795
0.052,64,40,58278.146667776025,0.7376370394883869
0.052,64,48,57317.35856910332,0.7462164929135282
0.052,64,64,57678.77666426586,0.7430059077369557
0.052,64,72,57590.16448873666,0.7437949436335357
0.052,128,8,61478.03162270674,0.7080348829228246
0.052,128,16,60809.606895777855,0.7143491961901325
0.052,128,24,60511.021507445344,0.7171474961158095
0.052,128,32,59889.03523429612,0.7229324320066379
0.052,128,40,60476.96647909087,0.717465779934068
0.052,128,48,59846.9459258557,0.7233217348054277
0.052,128,56,59999.44774267557,0.7219098767164476
0.052,128,64,58777.2331188613,0.7331241134389115
0.052,128,72,59545.58688882589,0.7261011437037445
0.052,128,80,60111.67169429097,0.7208686151701706
0.054,16,16,60388.715176127975,0.71828975712618
0.054,32,16,58905.40243847304,0.7319589481893023
0.054,32,24,60106.25916919415,0.7209188795386625
0.054,64,8,61186.77857114763,0.7107947078574713
0.054,64,16,58856.23673671919,0.7324062051859304
0.054,64,24,59161.0340737112,0.7296274659452451
0.054,64,32,58799.74876462395,0.7329196113380376
0.054,64,48,57566.03428583099,0.7440095978150918
0.054,64,64,57917.69783406313,0.7408724193653278
0.054,64,80,58071.814873394644,0.7394915250558649
0.054,128,8,61664.106369151465,0.7062648343507214
0.054,128,16,60673.950889576365,0.7156222524240633
0.054,128,24,60253.155269010604,0.7195530975221864
0.054,128,32,60542.83999754434,0.7168499534339092
0.054,128,40,60214.746269696516,0.7199105311395848
0.054,128,48,59621.958954096335,0.7253980979505477
0.054,128,56,59280.542500283256,0.7285340289419688
0.054,128,64,59253.84386000519,0.7287784983710772
0.054,128,72,59440.4887228767,0.7270671552933325
0.054,128,80,59347.25827606987,0.7279226561909254
0.056,8,8,68674.36490779005,0.635682223867928
0.056,16,8,61686.94217779681,0.7060472386554736
0.056,32,8,60636.54473823287,0.7159727882915458
0.056,32,16,58904.5062912359,0.7319671037204054
0.056,32,24,58434.89655207333,0.7362237937623191
0.056,32,32,57194.93249248489,0.7472994645796398
0.056,64,8,61152.6835609698,0.7111169248574796
0.056,64,24,58519.374368977646,0.7354605736140801
0.056,64,32,59128.060556235694,0.729928767272465
0.056,64,40,57863.36296035438,0.7413583868865055
0.056,64,48,58159.37075428017,0.7387053865874625
0.056,64,56,58097.29315351939,0.7392628852610952
0.056,128,8,61844.41481628859,0.7045445348885723
0.056,128,16,60989.605897270514,0.7126556165034212
0.056,128,24,60052.249290828746,0.7214202038739054
0.056,128,32,60430.79413078358,0.717897028038641
0.056,128,40,60065.251414422804,0.7212995582327261
0.056,128,48,59683.64931228181,0.7248295472358963
0.056,128,56,59482.10913685955,0.726684804635181
0.056,128,64,58691.080771836445,0.7339058832704259
0.056,128,72,59334.71796695706,0.7280376260687436
0.056,128,80,58531.77163212255,0.7353484769861675
0.058,8,8,78034.71857262148,0.5296005605344536
0.058,16,16,58943.81355027138,0.731609265096889
0.058,16,32,58172.47690540416,0.7385876084028624
0.058,32,8,61108.20284562129,0.7115370226136095
0.058,64,8,61291.83172503275,0.7098007673191132
0.058,64,16,59569.49352633601,0.725881167195832
0.058,64,32,58531.63109009963,0.7353497479067195
0.058,64,40,58588.978208230525,0.7348309048851546
0.058,64,48,58057.37246417807,0.7396210853996797
0.058,64,56,57438.3094481526,0.745144296788922
0.058,64,72,57291.73081926447,0.7464433856518722
0.058,64,80,57650.730375025436,0.7432557735865077
0.058,128,8,62462.41528816616,0.698610161654567
0.058,128,16,61010.529878519155,0.7124584215961108
0.058,128,24,59687.094159534056,0.7247977814995425
0.058,128,32,60054.98983211296,0.7213947767879312
0.058,128,40,59884.23971110928,0.7229768017563013
0.058,128,48,59427.787532493225,0.7271837829230845
0.058,128,56,59960.47612953967,0.7222710167406885
0.058,128,64,58375.48222746515,0.736759915794974
0.058,128,72,59554.582988670314,0.7260183766098769
0.058,128,80,58388.63632541139,0.7366412674908311
0.06,32,8,59531.481266467694,0.7262308949220453
0.06,32,16,60178.956077454946,0.7202433890326698
0.06,64,8,59808.1749115233,0.7236801030435687
0.06,64,16,59357.01045312611,0.7278332311859259
0.06,64,24,59572.03679178127,0.7258577601867628
0.06,64,32,58084.07865154423,0.7393814835324389
0.06,64,40,58590.840267518026,0.7348140495503219
0.06,64,48,58756.27727049255,0.7333143780481335
0.06,64,56,58149.724420896135,0.738792056229563
0.06,128,8,60927.570512813065,0.713239862079517
0.06,128,16,60686.74937482202,0.7155022672172351
0.06,128,24,61451.435847842455,0.7082874400953744
0.06,128,32,59886.222081727065,0.7229584606454895
0.06,128,40,60424.31747289524,0.7179574934538735
0.06,128,48,59875.084836944625,0.7230614957818826
0.06,128,56,59617.24770146024,0.7254414936337348
0.06,128,64,59401.52405270935,0.7274248661007933
0.06,128,72,58509.58054788304,0.7355491130094356
0.06,128,80,58652.86785652527,0.7342522705449217
0.062,8,16,68928.51830780711,0.6329806644957625
0.062,32,8,61320.6076108964,0.7095282122312454
0.062,32,24,59408.232025041405,0.7273633010239996
0.062,64,8,60229.02386325053,0.719777690666203
0.062,64,16,59764.718573363716,0.7240815026340486
0.062,64,32,58946.883262272146,0.7315813095350233
0.062,64,40,58140.69347520377,0.738873183753358
0.062,64,48,57687.35923508259,0.7429294208825128
0.062,64,56,57969.468577518935,0.740408960915883
0.062,64,64,57882.710771960745,0.741185393628997
0.062,64,72,57480.939071636654,0.7447658582710813
0.062,128,8,63931.8234245686,0.6842631722567769
0.062,128,16,60753.146251899096,0.7148793933690349
0.062,128,24,60614.93478940957,0.7161751982350515
0.062,128,32,59832.343241527626,0.7234567375994267
0.062,128,40,60068.07949232297,0.7212733132708944
0.062,128,48,59384.03824169381,0.7275853163872394
0.062,128,56,59713.44390259419,0.7245547437544011
0.062,128,64,58179.19355687106,0.7385272390536095
0.062,128,72,59279.73974134578,0.7285413811101434
0.062,128,80,58540.986714607774,0.7352651383984473
0.064,8,8,65329.740063008365,0.6703045762713782
0.064,16,24,58890.483466134276,0.7320947045196806
0.064,32,24,58471.90929639066,0.7358895355081145
0.064,64,8,60094.605038076865,0.7210270923172689
0.064,64,16,60166.80458995028,0.7203563559556736
0.064,64,24,57809.04052258553,0.7418437872188128
0.064,64,32,58367.709469697904,0.7368300125243129
0.064,64,48,58716.64719139497,0.7336740062804558
0.064,128,8,61048.67075359982,0.7120987946433737
0.064,128,16,60105.51171830125,0.7209258205174738
0.064,128,24,59961.68438664956,0.722259823654132
0.064,128,32,59476.164742487585,0.7267394298712437
0.064,128,40,58942.97387527152,0.7316169116800177
0.064,128,48,59450.96475244322,0.7269709412622802
0.064,128,56,58428.93861912948,0.7362775794597258
0.064,128,64,58740.54319446493,0.7334571879818239
0.064,128,72,58855.73175581815,0.7324107970247367
0.064,128,80,59172.43569177263,0.7295232425669345
0.066,16,8,60520.89365437904,0.7170551959301239
0.066,32,24,58206.69611501953,0.7382799730094151
0.066,32,32,56909.17538187158,0.7498182396392524
0.066,64,8,61125.12039703198,0.7113772809573785
0.066,64,16,60036.8047259578,0.7215634787889328
0.066,64,24,59244.72330488456,0.7288619866349566
0.066,64,32,58337.35480071559,0.7371036693355135
0.066,64,40,58090.05442923998,0.7393278551210839
0.066,64,64,57669.00314129171,0.7430929943572484
0.066,64,72,57443.18712504841,0.7451010101194633
0.066,128,8,61378.475255450256,0.7089797229051684
0.066,128,16,59571.9455861997,0.7258585996169593
0.066,128,24,59514.03037393358,0.7263913752224345
0.066,128,32,59909.57678596797,0.7227423346441217
0.066,128,40,59522.33949588321,0.726314969503632
0.066,128,48,60044.93788372649,0.7214880343492793
0.066,128,56,59282.03432491097,0.7285203656150191
0.066,128,64,59446.91430181658,0.7270081434524875
0.066,128,72,59528.43534139003,0.7262589089688047
0.066,128,80,58911.21740666059,0.7319060251276681
0.068,32,8,59965.801628250636,0.7222216805405822
0.068,64,8,59948.078196267656,0.7223858560363415
0.068,64,16,59231.43561244518,0.728983597279846
0.068,64,32,58120.0060807569,0.7390589769408931
0.068,64,40,57829.69102161814,0.7416593175666052
0.068,64,72,58474.195601291714,0.7358688811849721
0.068,128,8,61612.06190225934,0.7067604497020769
0.068,128,16,60819.58198335308,0.7142554733185764
0.068,128,24,60494.68918779107,0.7173001629840335
0.068,128,32,59019.15797927197,0.7309226902185593
0.068,128,40,59505.40009703007,0.7264707227971117
0.068,128,48,59940.676213738945,0.722454407631085
0.068,128,56,59474.578183296035,0.7267540084268245
0.068,128,64,59143.45500629393,0.729788118676967
0.068,128,72,58411.12120365426,0.7364383948231452
0.068,128,80,58029.410753154334,0.7398718334580019
0.07,32,8,58912.18347553848,0.7318972322566161
0.07,64,8,60644.74171869424,0.7158959922643918
0.07,64,16,59426.849559086644,0.7271923947980232
0.07,64,24,57640.89715094793,0.7433433495178345
0.07,64,32,58559.53646588078,0.735097339933019
0.07,64,48,57449.66683698443,0.7450435005951521
0.07,128,8,62280.55569461216,0.7003626024640199
0.07,128,16,60625.8749807272,0.716072735769085
0.07,128,24,59307.26231388711,0.7282892553772187
0.07,128,32,59265.257843198924,0.7286739982873183
0.07,128,40,59695.947118113065,0.7247161379027485
0.07,128,48,59094.336628223755,0.7302367518527737
0.07,128,56,59402.292071660304,0.7274178176546444
0.07,128,64,58936.016229964356,0.7316802679718046
0.07,128,72,58478.581158169174,0.7358292601018172
0.07,128,80,58167.81852993297,0.7386294738478105
0.072,32,8,61663.36365533676,0.7062719100991401
0.072,64,16,59525.95989505791,0.7262816751405161
0.072,64,32,57659.07821756937,0.7431814149258427
0.072,64,40,58787.115084732584,0.7330343684829677
0.072,128,8,60396.61801160031,0.7182160196615548
0.072,128,16,60048.816655806455,0.7214520506555198
0.072,128,24,59639.92304766652,0.7252325979400825
0.072,128,32,59332.56910007821,0.7280573244974256
0.072,128,40,59560.4393681896,0.725964489262181
0.072,128,48,58947.00114250754,0.731580235982418
0.072,128,56,59248.61146578618,0.7288263965348576
0.072,128,64,58366.35360936317,0.7368422390655335
0.072,128,72,58362.083292365656,0.7368807450156365
0.072,128,80,58608.636128015416,0.7346529346441598
0.074,16,8,61188.14562463896,0.7107817846890947
0.074,32,8,60119.36096261489,0.7207971996420512
0.074,32,16,57877.77974490671,0.7412294885736987
0.074,32,32,57956.178250031524,0.7405279771677238
0.074,64,8,59825.41482368429,0.7235207797624353
0.074,64,16,59751.047257127335,0.7242077221721586
0.074,64,24,59293.942674478254,0.7284112870677921
0.074,64,64,58125.17458714228,0.7390125648565711
0.074,128,8,63244.09520891168,0.6910195322968896
0.074,128,16,60818.81938157513,0.7142626390343155
0.074,128,24,63170.36495436274,0.6917395340374728
0.074,128,32,59494.0365893901,0.7265751824004744
0.074,128,40,59959.2255226803,0.7222826019105126
0.074,128,48,59283.79047993477,0.7285042808975859
0.074,128,64,59949.21781469685,0.7223753009956684
0.074,128,80,57901.83555466355,0.7410143376864546
0.076,8,8,68958.91687795054,0.6326568704127016
0.076,32,8,60968.8623814417,0.7128510438732047
0.076,32,16,60168.46947908715,0.7203408795776323
0.076,64,8,60647.66736592188,0.7158685798910092
0.076,64,16,59610.99207439554,0.7254991093600265
0.076,64,24,58310.455536933674,0.7373460556209718
0.076,64,32,59590.75059061552,0.7256854965273526
0.076,128,8,60617.363386243946,0.7161524543411204
0.076,128,16,60024.16373829791,0.7216807182756118
0.076,128,24,59528.502724186765,0.7262582892498208
0.076,128,32,59685.17762794853,0.7248154545085483
0.076,128,40,59297.19174459024,0.7283815223091532
0.076,128,48,59049.89447566155,0.7306423525237254
0.076,128,56,59094.941137394744,0.7302312327048859
0.076,128,64,58589.39596176238,0.73482712343259
0.076,128,72,57588.716668804875,0.7438078254902838
0.076,128,80,57766.851990333365,0.7422204500192249
0.078,8,8,76103.80750571954,0.552591913675342
0.078,32,32,59146.49032916865,0.7297603826797818
0.078,64,8,64706.41814329553,0.6765659206128198
0.078,64,16,60400.86585723836,0.7181763811193884
0.078,64,24,58661.362153048954,0.7341752920934119
0.078,64,32,58529.50349126417,0.7353689873956594
0.078,128,8,61040.77882730825,0.712173225362469
0.078,128,16,60367.495380202745,0.7184877008506163
0.078,128,24,59940.682176325456,0.7224543524135002
0.078,128,32,59680.08430856612,0.7248624190324422
0.078,128,40,59574.55196349345,0.7258346107562677
0.078,128,48,58624.84118921601,0.7345061794838452
0.078,128,56,59291.521768507264,0.7284334639474135
0.078,128,64,58251.74435254697,0.7378747073238664
0.078,128,72,59203.18035001929,0.7292421023467468
0.078,128,80,59928.5119026932,0.7225670459445497
0.08,16,24,58511.07391477791,0.7355356134342842
0.08,32,8,61236.79008671388,0.7103217460092832
0.08,32,24,58112.26507554706,0.7391284817959971
0.08,64,8,61585.169558296555,0.7070163793883688
0.08,64,16,59033.468688482455,0.7307921850024148
0.08,64,24,58004.67993258751,0.7400935076776501
0.08,64,32,59652.49840052895,0.7251167137758494
0.08,64,40,57447.22313498771,0.7450651899970262
0.08,128,8,61930.94962381485,0.7037171337686181
0.08,128,16,60375.5832035482,0.7184122637548411
0.08,128,24,59799.44603853377,0.7237607537331552
0.08,128,32,59715.36642568396,0.7245370070989636
0.08,128,40,59288.75312756772,0.7284588251677924
0.08,128,48,59287.91354138433,0.7284665156855503
0.08,128,56,58851.43728090875,0.7324498454966262
0.08,128,64,58229.721253062744,0.7380728720382626
0.08,128,72,58584.16646308504,0.7348744582547844
0.082,16,8,62554.104068966546,0.6977246900068942
0.082,32,8,60550.092930167986,0.7167821075507876
0.082,64,8,59972.543507612994,0.7221592164979524
0.082,64,16,58727.67854567635,0.733573925212714
0.082,64,24,59375.688478984295,0.7276619173770957
0.082,64,32,58750.46786352919,0.7333671114339078
0.082,64,40,57936.23664463922,0.7407065051058763
0.082,64,56,57870.57066571803,0.7412939478855964
0.082,128,8,60505.376587135856,0.7172002668451369
0.082,128,16,60072.073662321985,0.7212362447049347
0.082,128,24,59914.371385245155,0.722697954674603
0.082,128,32,59662.81135224228,0.7250216598155227
0.082,128,40,59307.27553687578,0.7282891342174026
0.082,128,48,58340.332692052914,0.7370768290137419
0.082,128,56,58663.05126742054,0.7341599833865422
0.082,128,72,57943.838581093296,0.7406384557432131
0.084,8,8,87817.89471045438,0.4042595331159017
0.084,16,8,62797.12425040014,0.6953714729188636
0.084,32,8,60247.5222834945,0.7196055322698157
0.084,64,8,60813.80302187271,0.7143097725461298
0.084,64,16,59793.71865893185,0.7238136656366545
0.084,64,24,58598.86806326219,0.7347413759215777
0.084,128,8,61290.57455885731,0.7098126718391012
0.084,128,16,60274.14000333569,0.7193577175944459
0.084,128,24,59357.611481385866,0.727827719427623
0.084,128,32,59182.04147382714,0.7294354195244157
0.084,128,40,59239.55379071989,0.7289093019255193
0.084,128,48,58512.102020076694,0.7355263194799009
0.084,128,56,59181.89291518049,0.7294367778640897
0.084,128,64,58562.65589833887,0.7350691167599749
0.084,128,72,58493.22719069029,0.7356969197585459
0.086,32,8,60851.82146255343,0.7139524559002428
0.086,64,8,60150.921274534376,0.7205039816093572
0.086,64,56,58135.171274806045,0.7389227850237268
0.086,128,8,61288.838317898524,0.7098291124742944
0.086,128,16,60553.190020915106,0.7167531340544812
0.086,128,24,59931.40263020938,0.7225402806406549
0.086,128,32,59608.23389539767,0.7255245108857927
0.086,128,40,58855.942400584616,0.7324088816168619
0.086,128,48,59356.56609486439,0.7278373061586603
0.086,128,56,58637.00599832628,0.7343959867169313
0.086,128,72,57786.568636820484,0.7420444523507916
0.086,128,80,57557.651456862,0.7440841475922286
0.088,16,8,59558.6509273357,0.7259809461234763
0.088,32,8,60467.44743270003,0.7175547144440074
0.088,64,16,60799.029707234324,0.7144485594254815
0.088,64,24,58827.32009216845,0.7326690834880776
0.088,64,32,58231.08772064016,0.7380605786897845
0.088,128,8,61236.406048461315,0.7103253793539269
0.088,128,16,60336.920459671775,0.7187727892555591
0.088,128,24,59985.63207217805,0.722037929867617
0.088,128,32,59129.449869097545,0.7299160755710343
0.088,128,40,59732.35094122811,0.7243802879454206
0.088,128,48,58920.3015464292,0.7318233382976794
0.088,128,56,58440.24421823328,0.7361755126248472
0.088,128,80,58054.60998752136,0.7396458634263237
0.09,16,16,59214.559637942744,0.7291380090140822
0.09,32,8,60222.83696106154,0.7198352582262275
0.09,32,16,59808.561915424274,0.7236765270366372
0.09,32,24,57179.89247314696,0.7474323477238927
0.09,64,8,60170.13338263023,0.7203254119335513
0.09,64,32,58245.470919124884,0.7379311635567827
0.09,128,8,61194.79864810159,0.7107188875327577
0.09,128,16,59721.69513745705,0.724478616156379
0.09,128,24,59622.409173888394,0.7253939507645044
0.09,128,32,58714.17136368889,0.7336964654433709
0.09,128,40,59081.4397984794,0.7303544860127743
0.09,128,48,58699.58775371567,0.7338287396277321
0.09,128,56,58704.810879262135,0.7337813693542614
0.09,128,64,58765.173580565504,0.7332336139933966
0.09,128,72,58362.53689505284,0.7368766549606491
0.092,32,8,60313.925076148786,0.7189871089521289
0.092,64,8,59627.94599608034,0.7253429459330523
0.092,64,16,58944.02696850243,0.7316073215653758
0.092,64,24,58799.94734395331,0.7329178073597848
0.092,64,56,58617.78623510192,0.7345700750605819
0.092,128,8,60713.42970418767,0.7152520589976392
0.092,128,16,60265.76105693889,0.71943573855654
0.092,128,24,59318.38294290192,0.7281873495545576
0.092,128,32,58626.918412280655,0.7344873649456176
0.092,128,40,59474.46256163748,0.726755070834495
0.092,128,48,58717.644798975096,0.7336649563397701
0.092,128,56,58214.65740101643,0.7382083740140986
0.092,128,72,57478.82244688535,0.744784654935295
0.092,128,80,59124.38379907834,0.7299623538794051
0.094,16,8,62211.12602797589,0.7010302949247267
0.094,32,8,59914.147165864095,0.7227000301825384
0.094,64,8,59310.36579048844,0.7282608180503743
0.094,128,8,60529.87714417777,0.7169711912085357
0.094,128,16,60024.06159544283,0.7216816655041977
0.094,128,24,59504.67584532004,0.726477381111848
0.094,128,32,59462.96003522054,0.7268607532718812
0.094,128,40,59089.33254384391,0.73028243680257
0.094,128,48,58821.61936066891,0.7327208930191778
0.094,128,64,58108.40737207073,0.7391631158464255
0.094,128,80,58068.77015158494,0.7395188414069651
0.096,32,8,61195.85390720827,0.7107089105684694
0.096,64,24,58726.242617222844,0.7335869536216004
0.096,64,32,58151.66268116249,0.7387746426503388
0.096,128,8,60278.00505027428,0.7193217243684239
0.096,128,16,58761.059893661295,0.7332709611128485
0.096,128,24,60162.97210905119,0.720391980077592
0.096,128,32,59555.442975445505,0.7260104637923521
0.096,128,40,59073.999378682456,0.7304223973398212
0.096,128,48,59190.0588550899,0.7293621078820411
0.096,128,56,58647.51919242032,0.7343007363943714
0.096,128,64,57954.97329422072,0.740538766321907
0.096,128,80,57738.392141469616,0.7424743866484582
0.098,16,8,63084.71469499105,0.6925748842766952
0.098,64,8,59597.96495375886,0.7256190726539107
0.098,64,16,58774.297854435084,0.7331507676958291
0.098,64,40,58249.85073520503,0.7378917491116344
0.098,64,80,57392.661563972186,0.7455492182062201
0.098,128,8,60769.647320207885,0.714724489999331
0.098,128,16,59841.441971330176,0.7233726231019428
0.098,128,24,59288.17950389475,0.7284640795097829
0.098,128,32,59265.3226043019,0.7286734053132429
0.098,128,40,58170.333571577656,0.7386068712477512
0.098,128,48,59033.70582536663,0.7307900221875885
0.098,128,80,57412.34687099695,0.7453746383682096
0.1,32,8,60909.29032424993,0.7134119103973005
0.1,64,8,60041.668646773796,0.7215183615293749
0.1,64,40,57164.96806549226,0.7475641748580573
0.1,128,8,61309.92908939226,0.709629370366317
0.1,128,16,59934.334896534856,0.7225131294091061
0.1,128,24,59597.77494360651,0.7256208222129346
0.1,128,32,59424.71093797884,0.7272120297478504
0.1,128,40,59798.24567247641,0.7237718436314361
0.1,128,48,58597.5084546514,0.7347536848189143
0.1,128,56,58661.4131416509,0.7341748299822161
0.1,128,64,58429.94046005275,0.7362685356473746
0.1,128,80,57976.70113442649,0.7403441811574185
